Aspire Staffing Group,HR Manager,"Philadelphia, PA, USA",2 days ago,https://www.ziprecruiter.com/k/l/AAI0Rd-2nKzYKkiuZbE9_n2qZ75pkGFcvyIQFYZ2_BwPtN8AyXn2nU_M7uHBlNigN1M-8C4eV2J2kYZ64-Vw8BHX0csaBeFG8IhPB547PDZEzzmgbGLWlD_-Ggsqignmv0_fRk8ePpEdc0sz-C-GVVpOSNfC2VJ8Xnh2dtDOzqsFWoweF-iu-ZFNfKSB3rw,ziprecruiter
LHH,HR Generalist,"Philadelphia, PA, USA",16 days ago,https://www.ziprecruiter.com/k/l/AAIbSVw3LJ7RRJou5JF0TG7UWlYw9hVK0bcKU_I-1Ru8aWhhjPv_kbzYztvM0Q3vm1-fDKUcHbSS_RlYvp6KkbseHnnj5aVMp7rcq1HAE8WIjfAEpSrvCDuanLoEzB-n8qnsYVcLb_ez1so9x1s9cz_bsFmi_ZOSdgvY8kzROOA-eQOV3qCtJmEBR-j9Tds,ziprecruiter
Aspire Staffing Group,HR Business Partner,"Philadelphia, PA, USA",2 days ago,https://www.ziprecruiter.com/k/l/AALkxn-3XeJsCIHeNQPFqEHYAn4yun4YRuQ81lxzJ8Zx7rkTgbj-a6UE1N83qhYSncd43_mJXzVqf8jpMqO-pAAaXyHUxZLbUXw9eot9vKhFEo2FnhRmmd7ZiBtJokNqCyzFxJIVtEOByfrmiFLKZexUgQo99mwdpOcot-hu0s1Ih7xbyDc1-XnAbCszkdg,ziprecruiter
Vensure Employer Services,HR Business Partner/HR Generalist,"Philadelphia, PA, USA",4 hours ago,https://www.ziprecruiter.com/k/l/AALK1lTSfQW4YZv4rV_eC_Ktrh8Jom1ukCTv28YGW2_XrLdu_EcJiPWZBBOfZEanAND34A2KvfRZDTswSmWZmAYSmNJQHkBrD6TOHuKWdbDcdPfrzPG-ScLeI3-C8v3ayklGNny8MqhLK9NADGFYzyZ8LGp5aG-5HRinXRDc24mETFgKfmbb1v8JQ4qDCMI,ziprecruiter
Pennsylvania Real Estate Investment Trust,HR Coordinator,"Philadelphia, PA, USA",21 days ago,https://www.ziprecruiter.com/k/l/AAIV4FIfSV-ljn_lwPR0VcUvecVZafc0oQZ2pRmdZskXoPJSgvK-uw0269MPVR31yvNJBUorhsnK6l6P3mpMirVyPSG0QYxWYeop7nwT-Yk_T8KHffLayZRxw9h21Lb8ncfTprFXT2z75jVXK1p2vlLiW-sczz5ri4XxgTJwuWesVGvv3SGUI7rqdWkl-Og,ziprecruiter
Worldgate,Human Resource Specialist,"Philadelphia, PA, USA",20 days ago,https://www.ziprecruiter.com/k/l/AAILH-NvM93QCNEwbM7nILF-dwt42Pms1UvNMs4qZ_8RJGJTA2CiVRVSr20-Vuhm4WFYxvW0BLQaoMUo3uoJH0n2C-_MxejhSPw-ABFa9hQtxFrZ5b_3vfIzGqjCuFQRgQL1X-w1CedQgK_mphXpXLhcl2mZiX-0OqGJG6LCWOMAdIMecWWvy6_9xFn8KFU,ziprecruiter
Contemporary Staffing Solutions,Entry Level HR Coordinator (on-site),"Philadelphia, PA, USA",13 days ago,https://www.ziprecruiter.com/k/l/AAJr80r6OjbvRN5n8WuO_BwEVhrGn0iSTL5nW4bNyMb7sNMyr_8HnAN0lz7dQ3X_IVNDCw0SoaOEjFqieJve3c4T3XL9sJYHWM5Q0sva-EbxZFTOdzB5GX_vc01ciEjRmi2TCL4rmMKdqn9Y2zdZ-TNu1_kBB0gKGMxJ3qwhjq-aNehthgkt7W8dBDhozcA,ziprecruiter
ACA Talent,"Custom Sales Consultant - Philadelphia, PA (1005600)","Philadelphia, PA, USA",4 hours ago,https://www.ziprecruiter.com/k/l/AAL2k8WYPE2VxWKGnVxOlEnMYhhe7idvVZtixDl8m4BTLSrEPPrbixBzZhb1Jc-_USSs7-K9sSB15bzjxxura7i24tsKDY8YUP4INsA9Iqb4zdU1aWUkHdjeT2sPmJ4hlTcEth9iLE3K00tBCGASyy0ZQBDravD1LzCQCBcuoUx8vSlkoTj2MGoZpXdr2Uc,ziprecruiter
Aspire Bakeries,Operations Supervisor - 3rd Shift,"Swedesboro, USA",1 month ago,https://www.ziprecruiter.com/ek/l/AAIR5bdjbH1S3LW0MMyc5fcm8nCJoUsvLanznd9yTmmJNELmxWsGkU2Mr5eTq0OPQNmIXJi53LrDKHLFxwYxfdWbkjFXt1FQu4HMadDHwy6Dc6M6Kg0kFdhnE_Ng-QpiIjxU0HGJiI9j1cHTWFQQ8GhpnTCcf13obmO2G9gMwdXahR_ZMY6ivYZY_oLgnYU,ziprecruiter
Jobot,Account Consultant,"Philadelphia, PA, USA",yesterday,https://www.ziprecruiter.com/k/l/AAKDtjbjE43fcsxAG_uEHCy4LSyjo3TQc6ZbiYWU0mJYiLFTs6J4ndmCO__xJ4Jo3ib3ZX4qTC7WCkfU_lh8sk5aCWqNR0oXCRkeOEtxEBtwhfIXsC2EI3yPpqbHkh1urvJdfPiUOB4JRVFM-afJrvfs5O8uNnSSGqCPEynKwTotaEfL0RQxC106fR9j9pZH,ziprecruiter
HR Pals & Recruiting Pals,Human Resources Coordinator (Remote Opportunity),"North Philadelphia, United States",12 days ago,https://www.ziprecruiter.com/ek/l/AAJJgoJHTw096l4U-ech3K4bEEIrC0jtlyJ3hQzox2gYFY2EmTkXJlLC8IIx2fFXLu9Brthv9OsJ01Y2y8lxbCUFIp4K-mhiJ-TVWpn98Mbd2go8NoCch5oivcIfIYvz4sKqcniXd1IZkoHzMCNpOPvBaOlT7LLWLB-WjJiGuiwGxS2NP2Lzrbw2FwcKTRKV,ziprecruiter
"Attics to Basements Building and Renovations, inc.",Remote Human Resources Generalist,"North Philadelphia, United States",12 days ago,https://www.ziprecruiter.com/ek/l/AALNRZCJq3FTZ83ggaghUvo4u_H9Qvs3ZETcl_sfP903rbbaciXNuWP6bzvJ2QwaiAQvRahbmspOs5KC_gn2ZQU644uuhhYjgbfBYQ92-JrbMN9mtAeeW4m5xj_zbGPXGSiZxwh7XnXnLvq16lUrzbUDtVEck1cOvBeFNKsl4aFmjk6YJBP5hZbMDebtT1rW,ziprecruiter
Voca,Compensation Analyst I,"Philadelphia, PA, USA",5 days ago,https://www.ziprecruiter.com/k/l/AAIxUs9m2_wAuhoAIio_MsEIce2UXRGV7dev2BlL0wYP_jRKq2QhZDq98F278xQtl9gqyAp6iibmtSMXnNxVZgxxRUmf6tnI5y-FGCZO5UCOSCdmIa9Pt65Y8R4JlmDuqYFLpMJ02U3fVy1SP6HRbvIGH5w8odNY190pDrAsM2n9LBhP2bG024Zhy1pMc2bg,ziprecruiter
MSI,"Local CDL B Truck Driver - Home Daily ($3,000 Sign On Bonus)","Philadelphia, United States",yesterday,https://www.ziprecruiter.com/ek/l/AAL-QkTdd9hxlx-AH4YqexQHHYVQn_mR3uhOYkgOKf_XHvAKs8ZN3FzRLepPnlNOKyBuPxnWRUEjG4NBMjsIVzE6su47m-cCo93HH5Xm8JuoW_0-bnCjw1lHYCGl8qpS_0IuUGV8QNP-PrIAjkiUG8fx2xdwpw7fgZMSIASyVLTMxaHAxBD2VoxaAI-paGHd,ziprecruiter
Herr Foods Inc,"Route Sales Representative (Egg Harbor City, NJ)","Egg Harbor City, United States",2 days ago,https://www.ziprecruiter.com/ek/l/AAJD8_lQ4cIizHg7C_gfI5IvwkU5up24hTb3jnZIi1bAM7jjdGZfkph6wNunz6Bx3hZFKwB3r1P5VdtD2MzAHKn4WmYSIn6E01GPK73uTjlgVpPl_qdtTN9RrxDnhtekM2MBHRT_EhTzCzuIHlpZlH6G5_VIGgXhljUr6RrJ2b8jF6Q6o7sXUUE2yWuK2iAW,ziprecruiter
Capital One,Lead Platform Engineer (Varicent),"Laurel Springs, NJ, USA",3 days ago,https://www.ziprecruiter.com/ek/l/AALgRzxpXCwlxKd3ErQoNxyHT3eZhQzSHomSKMAbyJr0hMGzgYfauLWbe-hdXHDDNhpp66m8KOpUony0xozOAPnkMod38pKmXzMIpQAmIvwUREPF3OahdE2goh2sTcp89AJZZxtnvXFg6g_PoD58S-H2YasSVNZnziIHZ9FK2q_ADvcPlLmCfPzj9_-_GvDz,ziprecruiter
Human Resources Managers On The Move,Kitchen Lead/Lead Cook,"Philadelphia, PA, USA",21 days ago,https://www.ziprecruiter.com/k/l/AAL1OeTz_4FzBuY8iuMW1XdCpor9deFjGDIv-tQ_q9kvmc1_Jtr7WSY88_xD5FiPqb46w8ceQ8Qh5k7_s0Rg2Dr4FvOAvXlL1n4_nvAnlVpq1dvcLBLaARfwltQ0--xpkUKCT0fF6PceAQ1-eMcGhwx0w2TfImGP2olPw8HoNeAkNH9mxBhvj23xKJaHhpyJ,ziprecruiter
Quantum Strategies,Benefits / 401k administrator,"Philadelphia, PA, USA",3 days ago,https://www.ziprecruiter.com/k/l/AALaJTsbGslB5e1Bk1we03PgxdZ0UxXKNA_g0Q9Y2iBBet0xNjczWLPKBaOLm1RC2bZC9DJb8O0_QRlA7HEK-MYM5viEO5vnOwnfYCwDsCZQw_EQmAyto_cIgNVw3MjurS0WNc1WBTorcz0Jhebrch6qn0KHGFvVMxH50SGS8e5KoPJ05Qp_rKJGPFV5gOiM,ziprecruiter
Southwire,Human Resources Manager,"Monroe Township, us",20 days ago,https://www.ziprecruiter.com/ek/l/AAJ4PNFTpvIjFlFzyt0_6D0zwz2AH57uPcpQLVRDVDLL3eGhLudgdpDldiMZsdsZdA5XbFzkKJ4DLeH1Fx20gwJB4Q1sBQrrnHgijT1l-TqPVGxuW7qvTKEMAiv33aBbPJPzYgUisJ5fZ3coia7xujbBLpVFLF_neCxfozVbda22kXJYBOl7cp7fz41HL4oT,ziprecruiter
Recondition Pros LLC,Production Foreman - Auto Body,"Philadelphia, United States",14 days ago,https://www.ziprecruiter.com/ek/l/AAJqzTqLlOJQq_U2JwssROLeOIk3yNKXUt0dVZqYZ6aeYbXpoI3sHJDXp1VQZiCBzX27CZ1WdLPKWbFUCmdEGjCUTgYiTxRhNCwFdzv6EECmpzBYVgRAtRZm4f-ZBYr_MDPs5mSvThX7wGTNxXYYNjl9TQFKXU4tsGvR4XqGlhZArUGAgPHB8Mw_8rFvvQ7Z,ziprecruiter
